filename,emotion_recode2,added_manually,sample_weight
/home/simon/Documents/Zwischen Wörtern und Pixeln/Sample_Dataset/Reichel/images_with_faces/1122756_565440_image.jpeg,Neutral,0,1
/home/simon/Documents/Zwischen Wörtern und Pixeln/Sample_Dataset/Reichel/images_with_faces/1446090_763807_image.jpeg,Neutral,0,1
/home/simon/Documents/Zwischen Wörtern und Pixeln/Sample_Dataset/Reichel/images_with_faces/1615298_873744_image.jpeg,Neutral,0,4
/home/simon/Documents/Zwischen Wörtern und Pixeln/Sample_Dataset/Reichel/images_with_faces/1455690_770370_image.jpeg,Neutral,0,1
/home/simon/Documents/Zwischen Wörtern und Pixeln/Sample_Dataset/Reichel/images_with_faces/440862_230225_image.jpeg,Optimistic,0,1
/home/simon/Documents/Zwischen Wörtern und Pixeln/Sample_Dataset/Reichel/images_with_faces/1049213_554376_image.jpeg,Neutral,0,1
/home/simon/Documents/Zwischen Wörtern und Pixeln/Sample_Dataset/Reichel/images_with_faces/588803_321792_image.jpeg,Neutral,0,1
/home/simon/Documents/Zwischen Wörtern und Pixeln/Sample_Dataset/Reichel/images_with_faces/1574808_847671_image.jpeg,Neutral,0,0.25
/home/simon/Documents/Zwischen Wörtern und Pixeln/Sample_Dataset/Reichel/images_with_faces/568991_307398_image.jpeg,Neutral,0,1
/home/simon/Documents/Zwischen Wörtern und Pixeln/Sample_Dataset/Reichel/images_with_faces/1142257_577783_image.jpeg,Neutral,0,1
/home/simon/Documents/Zwischen Wörtern und Pixeln/Sample_Dataset/Reichel/images_with_faces/335777_179248_image.jpeg,Optimistic,0,1
/home/simon/Documents/Zwischen Wörtern und Pixeln/Sample_Dataset/Reichel/images_with_faces/1106857_561014_image.jpeg,Neutral,0,1
/home/simon/Documents/Zwischen Wörtern und Pixeln/Sample_Dataset/Reichel/images_with_faces/926104_479720_image.jpeg,Hostile,0,1
/home/simon/Documents/Zwischen Wörtern und Pixeln/Sample_Dataset/Reichel/images_with_faces/1132480_572184_image.jpeg,Optimistic,0,2
/home/simon/Documents/Zwischen Wörtern und Pixeln/Sample_Dataset/Reichel/images_with_faces/710559_371213_image.jpeg,Neutral,0,1
/home/simon/Documents/Zwischen Wörtern und Pixeln/Sample_Dataset/Reichel/images_with_faces/715208_374274_image.jpeg,Optimistic,0,1
/home/simon/Documents/Zwischen Wörtern und Pixeln/Sample_Dataset/Reichel/images_with_faces/934734_486233_image.jpeg,Neutral,0,1
/home/simon/Documents/Zwischen Wörtern und Pixeln/Sample_Dataset/Reichel/images_with_faces/852417_434257_image.jpeg,Optimistic,0,1
/home/simon/Documents/Zwischen Wörtern und Pixeln/Sample_Dataset/Reichel/images_with_faces/484519_257285_image.jpeg,Optimistic,0,1
/home/simon/Documents/Zwischen Wörtern und Pixeln/Sample_Dataset/Reichel/images_with_faces/449278_235715_image.jpeg,Neutral,0,1
/home/simon/Documents/Zwischen Wörtern und Pixeln/Sample_Dataset/Reichel/images_with_faces/1264531_654048_image.jpeg,Neutral,0,1
/home/simon/Documents/Zwischen Wörtern und Pixeln/Sample_Dataset/Reichel/images_with_faces/799447_425883_image.jpeg,Neutral,0,1
/home/simon/Documents/Zwischen Wörtern und Pixeln/Sample_Dataset/Reichel/images_with_faces/933428_485355_image.jpeg,Optimistic,0,1
/home/simon/Documents/Zwischen Wörtern und Pixeln/Sample_Dataset/Reichel/images_with_faces/322833_170422_image.jpeg,Optimistic,0,1
/home/simon/Documents/Zwischen Wörtern und Pixeln/Sample_Dataset/Reichel/images_with_faces/715315_374397_image.jpeg,Optimistic,0,1
/home/simon/Documents/Zwischen Wörtern und Pixeln/Sample_Dataset/Reichel/images_with_faces/1619116_876532_image.jpeg,Hostile,0,1
/home/simon/Documents/Zwischen Wörtern und Pixeln/Sample_Dataset/Reichel/images_with_faces/535989_284862_image.jpeg,Neutral,0,1
/home/simon/Documents/Zwischen Wörtern und Pixeln/Sample_Dataset/Reichel/images_with_faces/719899_378122_image.jpeg,Neutral,0,1
/home/simon/Documents/Zwischen Wörtern und Pixeln/Sample_Dataset/Reichel/images_with_faces/970257_511007_image.jpeg,Optimistic,0,1
/home/simon/Documents/Zwischen Wörtern und Pixeln/Sample_Dataset/Reichel/images_with_faces/1560554_839615_image.jpeg,Optimistic,0,1
/home/simon/Documents/Zwischen Wörtern und Pixeln/Sample_Dataset/Reichel/images_with_faces/488666_261084_image.jpeg,Neutral,0,1
/home/simon/Documents/Zwischen Wörtern und Pixeln/Sample_Dataset/Reichel/images_with_faces/311504_162099_image.jpeg,Neutral,0,1
/home/simon/Documents/Zwischen Wörtern und Pixeln/Sample_Dataset/Reichel/images_with_faces/1121288_564805_image.jpeg,Optimistic,0,1
/home/simon/Documents/Zwischen Wörtern und Pixeln/Sample_Dataset/Reichel/images_with_faces/510427_275550_image.jpeg,Optimistic,0,1
/home/simon/Documents/Zwischen Wörtern und Pixeln/Sample_Dataset/Reichel/images_with_faces/327313_173623_image.jpeg,Optimistic,0,1
/home/simon/Documents/Zwischen Wörtern und Pixeln/Sample_Dataset/Reichel/images_with_faces/1367807_718619_image.jpeg,Hostile,0,1
/home/simon/Documents/Zwischen Wörtern und Pixeln/Sample_Dataset/Reichel/images_with_faces/860051_439491_image.jpeg,Neutral,0,1
/home/simon/Documents/Zwischen Wörtern und Pixeln/Sample_Dataset/Reichel/images_with_faces/897791_461593_image.jpeg,Neutral,0,1
/home/simon/Documents/Zwischen Wörtern und Pixeln/Sample_Dataset/Reichel/images_with_faces/1446181_763888_image.jpeg,Neutral,0,1
/home/simon/Documents/Zwischen Wörtern und Pixeln/Sample_Dataset/Reichel/images_with_faces/1038948_547293_image.jpeg,Optimistic,0,1
/home/simon/Documents/Zwischen Wörtern und Pixeln/Sample_Dataset/Reichel/images_with_faces/1534899_820388_image.jpeg,Neutral,0,1
/home/simon/Documents/Zwischen Wörtern und Pixeln/Sample_Dataset/Reichel/images_with_faces/415704_217248_image.jpeg,Neutral,0,1
/home/simon/Documents/Zwischen Wörtern und Pixeln/Sample_Dataset/Reichel/images_with_faces/909204_470573_image.jpeg,Optimistic,0,1
/home/simon/Documents/Zwischen Wörtern und Pixeln/Sample_Dataset/Reichel/images_with_faces/925361_479271_image.jpeg,Neutral,0,1
/home/simon/Documents/Zwischen Wörtern und Pixeln/Sample_Dataset/Reichel/images_with_faces/1300041_675720_image.jpeg,Optimistic,0,1
/home/simon/Documents/Zwischen Wörtern und Pixeln/Sample_Dataset/Reichel/images_with_faces/1158252_589138_image.jpeg,Neutral,0,1
/home/simon/Documents/Zwischen Wörtern und Pixeln/Sample_Dataset/Reichel/images_with_faces/1528515_815631_image.jpeg,Optimistic,0,1
/home/simon/Documents/Zwischen Wörtern und Pixeln/Sample_Dataset/Reichel/images_with_faces/448706_235429_image.jpeg,Hostile,0,1
/home/simon/Documents/Zwischen Wörtern und Pixeln/Sample_Dataset/Reichel/images_with_faces/671029_344879_image.jpeg,Neutral,0,1
/home/simon/Documents/Zwischen Wörtern und Pixeln/Sample_Dataset/Reichel/images_with_faces/1184149_602260_image.jpeg,Neutral,0,1
/home/simon/Documents/Zwischen Wörtern und Pixeln/Sample_Dataset/Reichel/images_with_faces/395208_202945_image.jpeg,Optimistic,0,1
/home/simon/Documents/Zwischen Wörtern und Pixeln/Sample_Dataset/Reichel/images_with_faces/1446295_763985_image.jpeg,Neutral,0,1
/home/simon/Documents/Zwischen Wörtern und Pixeln/Sample_Dataset/Reichel/images_with_faces/1508311_803204_image.jpeg,Neutral,0,1
/home/simon/Documents/Zwischen Wörtern und Pixeln/Sample_Dataset/Reichel/images_with_faces/1630791_880756_image.jpeg,Optimistic,0,3
/home/simon/Documents/Zwischen Wörtern und Pixeln/Sample_Dataset/Reichel/images_with_faces/873306_447673_image.jpeg,Neutral,0,1
/home/simon/Documents/Zwischen Wörtern und Pixeln/Sample_Dataset/Reichel/images_with_faces/1008614_529041_image.jpeg,Neutral,0,1
/home/simon/Documents/Zwischen Wörtern und Pixeln/Sample_Dataset/Reichel/images_with_faces/1338450_698179_image.jpeg,Neutral,0,1
/home/simon/Documents/Zwischen Wörtern und Pixeln/Sample_Dataset/Reichel/images_with_faces/1536624_821459_image.jpeg,Optimistic,0,1
/home/simon/Documents/Zwischen Wörtern und Pixeln/Sample_Dataset/Reichel/images_with_faces/188315_97557_image.jpeg,Neutral,0,1
/home/simon/Documents/Zwischen Wörtern und Pixeln/Sample_Dataset/Reichel/images_with_faces/914369_474472_image.jpeg,Optimistic,0,1
/home/simon/Documents/Zwischen Wörtern und Pixeln/Sample_Dataset/Reichel/images_with_faces/1528858_815932_image.jpeg,Neutral,0,1
/home/simon/Documents/Zwischen Wörtern und Pixeln/Sample_Dataset/Reichel/images_with_faces/973249_513210_image.jpeg,Optimistic,0,1
/home/simon/Documents/Zwischen Wörtern und Pixeln/Sample_Dataset/Reichel/images_with_faces/1438804_758562_image.jpeg,Neutral,0,1
/home/simon/Documents/Zwischen Wörtern und Pixeln/Sample_Dataset/Reichel/images_with_faces/578559_314453_image.jpeg,Hostile,0,1
/home/simon/Documents/Zwischen Wörtern und Pixeln/Sample_Dataset/Reichel/images_with_faces/564767_304193_image.jpeg,Hostile,0,0.75
/home/simon/Documents/Zwischen Wörtern und Pixeln/Sample_Dataset/Reichel/images_with_faces/1586621_851677_image.jpeg,Optimistic,0,1
/home/simon/Documents/Zwischen Wörtern und Pixeln/Sample_Dataset/Reichel/images_with_faces/1262087_652026_image.jpeg,Optimistic,0,1
/home/simon/Documents/Zwischen Wörtern und Pixeln/Sample_Dataset/Reichel/images_with_faces/882583_453061_image.jpeg,Hostile,0,1
/home/simon/Documents/Zwischen Wörtern und Pixeln/Sample_Dataset/Reichel/images_with_faces/852120_433986_image.jpeg,Neutral,0,1
/home/simon/Documents/Zwischen Wörtern und Pixeln/Sample_Dataset/Reichel/images_with_faces/1008268_528752_image.jpeg,Neutral,0,1
/home/simon/Documents/Zwischen Wörtern und Pixeln/Sample_Dataset/Reichel/images_with_faces/897170_461158_image.jpeg,Neutral,0,1
/home/simon/Documents/Zwischen Wörtern und Pixeln/Sample_Dataset/Reichel/images_with_faces/1586752_851776_image.jpeg,Optimistic,0,1
/home/simon/Documents/Zwischen Wörtern und Pixeln/Sample_Dataset/Reichel/images_with_faces/1025520_541129_image.jpeg,Optimistic,0,1
/home/simon/Documents/Zwischen Wörtern und Pixeln/Sample_Dataset/Reichel/images_with_faces/415662_217198_image.jpeg,Optimistic,0,1
/home/simon/Documents/Zwischen Wörtern und Pixeln/Sample_Dataset/Reichel/images_with_faces/915906_475330_image.jpeg,Optimistic,0,1
/home/simon/Documents/Zwischen Wörtern und Pixeln/Sample_Dataset/Reichel/images_with_faces/598027_328184_image.jpeg,Neutral,0,1
/home/simon/Documents/Zwischen Wörtern und Pixeln/Sample_Dataset/Reichel/images_with_faces/970649_511286_image.jpeg,Neutral,0,2
/home/simon/Documents/Zwischen Wörtern und Pixeln/Sample_Dataset/Reichel/images_with_faces/358282_181162_image.jpeg,Pessimistic,0,1
/home/simon/Documents/Zwischen Wörtern und Pixeln/Sample_Dataset/Reichel/images_with_faces/1423884_749154_image.jpeg,Hostile,0,1
/home/simon/Documents/Zwischen Wörtern und Pixeln/Sample_Dataset/Reichel/images_with_faces/1190640_607320_image.jpeg,Optimistic,0,4
/home/simon/Documents/Zwischen Wörtern und Pixeln/Sample_Dataset/Reichel/images_with_faces/1417058_743623_image.jpeg,Neutral,0,2
/home/simon/Documents/Zwischen Wörtern und Pixeln/Sample_Dataset/Reichel/images_with_faces/305404_157861_image.jpeg,Optimistic,0,1
/home/simon/Documents/Zwischen Wörtern und Pixeln/Sample_Dataset/Reichel/images_with_faces/195254_102976_image.jpeg,Optimistic,0,1
/home/simon/Documents/Zwischen Wörtern und Pixeln/Sample_Dataset/Reichel/images_with_faces/678129_349194_image.jpeg,Neutral,0,1
/home/simon/Documents/Zwischen Wörtern und Pixeln/Sample_Dataset/Reichel/images_with_faces/1354323_709602_image.jpeg,Neutral,0,1
/home/simon/Documents/Zwischen Wörtern und Pixeln/Sample_Dataset/Reichel/images_with_faces/323128_170625_image.jpeg,Neutral,0,1
/home/simon/Documents/Zwischen Wörtern und Pixeln/Sample_Dataset/Reichel/images_with_faces/1615018_873532_image.jpeg,Neutral,0,1
/home/simon/Documents/Zwischen Wörtern und Pixeln/Sample_Dataset/Reichel/images_with_faces/299212_152813_image.jpeg,Hostile,0,1
/home/simon/Documents/Zwischen Wörtern und Pixeln/Sample_Dataset/Reichel/images_with_faces/1339090_698549_image.jpeg,Optimistic,0,1
/home/simon/Documents/Zwischen Wörtern und Pixeln/Sample_Dataset/Reichel/images_with_faces/587852_321068_image.jpeg,Hostile,0,0.5
/home/simon/Documents/Zwischen Wörtern und Pixeln/Sample_Dataset/Reichel/images_with_faces/996773_521525_image.jpeg,Optimistic,0,1
/home/simon/Documents/Zwischen Wörtern und Pixeln/Sample_Dataset/Reichel/images_with_faces/1234131_632553_image.jpeg,Neutral,0,3
/home/simon/Documents/Zwischen Wörtern und Pixeln/Sample_Dataset/Reichel/images_with_faces/488590_261019_image.jpeg,Optimistic,0,1
/home/simon/Documents/Zwischen Wörtern und Pixeln/Sample_Dataset/Reichel/images_with_faces/1177405_597931_image.jpeg,Neutral,0,1
/home/simon/Documents/Zwischen Wörtern und Pixeln/Sample_Dataset/Reichel/images_with_faces/970457_511153_image.jpeg,Neutral,0,1
/home/simon/Documents/Zwischen Wörtern und Pixeln/Sample_Dataset/Reichel/images_with_faces/1587501_852320_image.jpeg,Optimistic,0,1
/home/simon/Documents/Zwischen Wörtern und Pixeln/Sample_Dataset/Reichel/images_with_faces/1039005_547345_image.jpeg,Neutral,0,1
/home/simon/Documents/Zwischen Wörtern und Pixeln/Sample_Dataset/Reichel/images_with_faces/852459_434303_image.jpeg,Optimistic,0,1
/home/simon/Documents/Zwischen Wörtern und Pixeln/Sample_Dataset/Reichel/images_with_faces/1513346_806467_image.jpeg,Optimistic,0,1
/home/simon/Documents/Zwischen Wörtern und Pixeln/Sample_Dataset/Reichel/images_with_faces/741085_383145_image.jpeg,Neutral,0,1
/home/simon/Documents/Zwischen Wörtern und Pixeln/Sample_Dataset/Reichel/images_with_faces/1158242_589126_image.jpeg,Optimistic,0,1
/home/simon/Documents/Zwischen Wörtern und Pixeln/Sample_Dataset/Reichel/images_with_faces/1630587_880620_image.jpeg,Optimistic,0,1
/home/simon/Documents/Zwischen Wörtern und Pixeln/Sample_Dataset/Reichel/images_with_faces/1285868_664956_image.jpeg,Neutral,0,1
/home/simon/Documents/Zwischen Wörtern und Pixeln/Sample_Dataset/Reichel/images_with_faces/716219_375000_image.jpeg,Optimistic,0,1
/home/simon/Documents/Zwischen Wörtern und Pixeln/Sample_Dataset/Reichel/images_with_faces/536517_285286_image.jpeg,Neutral,0,1
/home/simon/Documents/Zwischen Wörtern und Pixeln/Sample_Dataset/Reichel/images_with_faces/980468_517040_image.jpeg,Neutral,0,1
/home/simon/Documents/Zwischen Wörtern und Pixeln/Sample_Dataset/Reichel/images_with_faces/511399_276115_image.jpeg,Neutral,0,1
/home/simon/Documents/Zwischen Wörtern und Pixeln/Sample_Dataset/Reichel/images_with_faces/1014644_533950_image.jpeg,Optimistic,0,1
/home/simon/Documents/Zwischen Wörtern und Pixeln/Sample_Dataset/Reichel/images_with_faces/667312_341967_image.jpeg,Hostile,0,1
/home/simon/Documents/Zwischen Wörtern und Pixeln/Sample_Dataset/Reichel/images_with_faces/256491_134162_image.jpeg,Neutral,0,1
/home/simon/Documents/Zwischen Wörtern und Pixeln/Sample_Dataset/Reichel/images_with_faces/1138585_575644_image.jpeg,Optimistic,0,1
/home/simon/Documents/Zwischen Wörtern und Pixeln/Sample_Dataset/Reichel/images_with_faces/1501760_798167_image.jpeg,Neutral,0,1
/home/simon/Documents/Zwischen Wörtern und Pixeln/Sample_Dataset/Reichel/images_with_faces/1014016_533499_image.jpeg,Neutral,0,2
/home/simon/Documents/Zwischen Wörtern und Pixeln/Sample_Dataset/Reichel/images_with_faces/1450115_766606_image.jpeg,Optimistic,0,1
/home/simon/Documents/Zwischen Wörtern und Pixeln/Sample_Dataset/Reichel/images_with_faces/965588_506866_image.jpeg,Neutral,0,4
/home/simon/Documents/Zwischen Wörtern und Pixeln/Sample_Dataset/Reichel/images_with_faces/1583763_849808_image.jpeg,Neutral,0,1
/home/simon/Documents/Zwischen Wörtern und Pixeln/Sample_Dataset/Reichel/images_with_faces/548246_293294_image.jpeg,Neutral,0,1
/home/simon/Documents/Zwischen Wörtern und Pixeln/Sample_Dataset/Reichel/images_with_faces/481694_255611_image.jpeg,Pessimistic,0,1
/home/simon/Documents/Zwischen Wörtern und Pixeln/Sample_Dataset/Reichel/images_with_faces/1002489_524346_image.jpeg,Optimistic,0,1
/home/simon/Documents/Zwischen Wörtern und Pixeln/Sample_Dataset/Reichel/images_with_faces/1022586_539467_image.jpeg,Pessimistic,0,1
/home/simon/Documents/Zwischen Wörtern und Pixeln/Sample_Dataset/Reichel/images_with_faces/1108388_561106_image.jpeg,Neutral,0,1
/home/simon/Documents/Zwischen Wörtern und Pixeln/Sample_Dataset/Reichel/images_with_faces/769073_404165_image.jpeg,Hostile,0,1
/home/simon/Documents/Zwischen Wörtern und Pixeln/Sample_Dataset/Reichel/images_with_faces/392717_201269_image.jpeg,Optimistic,0,1
/home/simon/Documents/Zwischen Wörtern und Pixeln/Sample_Dataset/Reichel/images_with_faces/933349_485291_image.jpeg,Neutral,0,1
/home/simon/Documents/Zwischen Wörtern und Pixeln/Sample_Dataset/Reichel/images_with_faces/1457843_771612_image.jpeg,Optimistic,0,1
/home/simon/Documents/Zwischen Wörtern und Pixeln/Sample_Dataset/Reichel/images_with_faces/1122520_565307_image.jpeg,Neutral,0,1
/home/simon/Documents/Zwischen Wörtern und Pixeln/Sample_Dataset/Reichel/images_with_faces/1045193_551721_image.jpeg,Optimistic,0,1
/home/simon/Documents/Zwischen Wörtern und Pixeln/Sample_Dataset/Reichel/images_with_faces/495828_265436_image.jpeg,Neutral,0,1
/home/simon/Documents/Zwischen Wörtern und Pixeln/Sample_Dataset/Reichel/images_with_faces/548265_293300_image.jpeg,Neutral,0,1
/home/simon/Documents/Zwischen Wörtern und Pixeln/Sample_Dataset/Reichel/images_with_faces/617795_331650_image.jpeg,Optimistic,0,1
/home/simon/Documents/Zwischen Wörtern und Pixeln/Sample_Dataset/Reichel/images_with_faces/252010_130571_image.jpeg,Neutral,0,1
/home/simon/Documents/Zwischen Wörtern und Pixeln/Sample_Dataset/Reichel/images_with_faces/779152_411987_image.jpeg,Hostile,0,3
/home/simon/Documents/Zwischen Wörtern und Pixeln/Sample_Dataset/Reichel/images_with_faces/549731_294290_image.jpeg,Neutral,0,1
/home/simon/Documents/Zwischen Wörtern und Pixeln/Sample_Dataset/Reichel/images_with_faces/1274146_660595_image.jpeg,Neutral,0,1
/home/simon/Documents/Zwischen Wörtern und Pixeln/Sample_Dataset/Reichel/images_with_faces/1287517_666079_image.jpeg,Pessimistic,0,1
/home/simon/Documents/Zwischen Wörtern und Pixeln/Sample_Dataset/Reichel/images_with_faces/481539_255514_image.jpeg,Neutral,0,1
/home/simon/Documents/Zwischen Wörtern und Pixeln/Sample_Dataset/Reichel/images_with_faces/1503436_799362_image.jpeg,Hostile,0,1
/home/simon/Documents/Zwischen Wörtern und Pixeln/Sample_Dataset/Reichel/images_with_faces/588189_321395_image.jpeg,Neutral,0,1
/home/simon/Documents/Zwischen Wörtern und Pixeln/Sample_Dataset/Reichel/images_with_faces/484567_257299_image.jpeg,Pessimistic,0,1
/home/simon/Documents/Zwischen Wörtern und Pixeln/Sample_Dataset/Reichel/images_with_faces/1457707_771529_image.jpeg,Optimistic,0,1
/home/simon/Documents/Zwischen Wörtern und Pixeln/Sample_Dataset/Reichel/images_with_faces/778892_411788_image.jpeg,Neutral,0,1
/home/simon/Documents/Zwischen Wörtern und Pixeln/Sample_Dataset/Reichel/images_with_faces/415860_217406_image.jpeg,Optimistic,0,1
/home/simon/Documents/Zwischen Wörtern und Pixeln/Sample_Dataset/Reichel/images_with_faces/1247731_641726_image.jpeg,Optimistic,0,4
/home/simon/Documents/Zwischen Wörtern und Pixeln/Sample_Dataset/Reichel/images_with_faces/239173_119973_image.jpeg,Neutral,0,1
/home/simon/Documents/Zwischen Wörtern und Pixeln/Sample_Dataset/Reichel/images_with_faces/932881_485011_image.jpeg,Optimistic,0,1
/home/simon/Documents/Zwischen Wörtern und Pixeln/Sample_Dataset/Reichel/images_with_faces/709191_370338_image.jpeg,Hostile,0,1
/home/simon/Documents/Zwischen Wörtern und Pixeln/Sample_Dataset/Reichel/images_with_faces/255940_133760_image.jpeg,Hostile,0,1
/home/simon/Documents/Zwischen Wörtern und Pixeln/Sample_Dataset/Reichel/images_with_faces/483890_256970_image.jpeg,Pessimistic,0,1
/home/simon/Documents/Zwischen Wörtern und Pixeln/Sample_Dataset/Reichel/images_with_faces/1013982_533472_image.jpeg,Neutral,0,1
/home/simon/Documents/Zwischen Wörtern und Pixeln/Sample_Dataset/Reichel/images_with_faces/1310254_683306_image.jpeg,Optimistic,0,1
/home/simon/Documents/Zwischen Wörtern und Pixeln/Sample_Dataset/Reichel/images_with_faces/924602_478621_image.jpeg,Hostile,0,1
/home/simon/Documents/Zwischen Wörtern und Pixeln/Sample_Dataset/Reichel/images_with_faces/934604_486159_image.jpeg,Neutral,0,1
/home/simon/Documents/Zwischen Wörtern und Pixeln/Sample_Dataset/Reichel/images_with_faces/873437_447799_image.jpeg,Optimistic,0,1
/home/simon/Documents/Zwischen Wörtern und Pixeln/Sample_Dataset/Reichel/images_with_faces/425614_224165_image.jpeg,Neutral,0,1
/home/simon/Documents/Zwischen Wörtern und Pixeln/Sample_Dataset/Reichel/images_with_faces/547247_292681_image.jpeg,Optimistic,0,1
/home/simon/Documents/Zwischen Wörtern und Pixeln/Sample_Dataset/Reichel/images_with_faces/409478_212787_image.jpeg,Neutral,0,1
/home/simon/Documents/Zwischen Wörtern und Pixeln/Sample_Dataset/Reichel/images_with_faces/671055_344888_image.jpeg,Neutral,0,1
/home/simon/Documents/Zwischen Wörtern und Pixeln/Sample_Dataset/Reichel/images_with_faces/897204_461192_image.jpeg,Neutral,0,1
/home/simon/Documents/Zwischen Wörtern und Pixeln/Sample_Dataset/Reichel/images_with_faces/763088_399462_image.jpeg,Optimistic,0,1
/home/simon/Documents/Zwischen Wörtern und Pixeln/Sample_Dataset/Reichel/images_with_faces/707772_369281_image.jpeg,Neutral,0,0.5
/home/simon/Documents/Zwischen Wörtern und Pixeln/Sample_Dataset/Reichel/images_with_faces/1045222_551751_image.jpeg,Pessimistic,0,1
/home/simon/Documents/Zwischen Wörtern und Pixeln/Sample_Dataset/Reichel/images_with_faces/617763_331648_image.jpeg,Neutral,0,1
/home/simon/Documents/Zwischen Wörtern und Pixeln/Sample_Dataset/Reichel/images_with_faces/925083_479053_image.jpeg,Neutral,0,1
/home/simon/Documents/Zwischen Wörtern und Pixeln/Sample_Dataset/Reichel/images_with_faces/1250680_643848_image.jpeg,Neutral,0,1
/home/simon/Documents/Zwischen Wörtern und Pixeln/Sample_Dataset/Reichel/images_with_faces/439366_229155_image.jpeg,Neutral,0,1
/home/simon/Documents/Zwischen Wörtern und Pixeln/Sample_Dataset/Reichel/images_with_faces/298505_152558_image.jpeg,Neutral,0,1
/home/simon/Documents/Zwischen Wörtern und Pixeln/Sample_Dataset/Reichel/images_with_faces/934798_486249_image.jpeg,Neutral,0,1
/home/simon/Documents/Zwischen Wörtern und Pixeln/Sample_Dataset/Reichel/images_with_faces/588511_321633_image.jpeg,Neutral,0,1
/home/simon/Documents/Zwischen Wörtern und Pixeln/Sample_Dataset/Reichel/images_with_faces/256477_134155_image.jpeg,Neutral,0,1
/home/simon/Documents/Zwischen Wörtern und Pixeln/Sample_Dataset/Reichel/images_with_faces/1008210_528698_image.jpeg,Optimistic,0,1
/home/simon/Documents/Zwischen Wörtern und Pixeln/Sample_Dataset/Reichel/images_with_faces/1008141_528632_image.jpeg,Optimistic,0,1
/home/simon/Documents/Zwischen Wörtern und Pixeln/Sample_Dataset/Reichel/images_with_faces/1595094_858784_image.jpeg,Hostile,0,1
/home/simon/Documents/Zwischen Wörtern und Pixeln/Sample_Dataset/Reichel/images_with_faces/428094_225681_image.jpeg,Neutral,0,4
/home/simon/Documents/Zwischen Wörtern und Pixeln/Sample_Dataset/Reichel/images_with_faces/549745_294293_image.jpeg,Neutral,0,1
/home/simon/Documents/Zwischen Wörtern und Pixeln/Sample_Dataset/Reichel/images_with_faces/357729_180967_image.jpeg,Neutral,0,0.5
/home/simon/Documents/Zwischen Wörtern und Pixeln/Sample_Dataset/Reichel/images_with_faces/1223912_629861_image.jpeg,Neutral,0,3
/home/simon/Documents/Zwischen Wörtern und Pixeln/Sample_Dataset/Reichel/images_with_faces/1373876_723403_image.jpeg,Optimistic,0,1
/home/simon/Documents/Zwischen Wörtern und Pixeln/Sample_Dataset/Reichel/images_with_faces/1446082_763798_image.jpeg,Neutral,0,1
/home/simon/Documents/Zwischen Wörtern und Pixeln/Sample_Dataset/Reichel/images_with_faces/1223635_629651_image.jpeg,Optimistic,0,1
/home/simon/Documents/Zwischen Wörtern und Pixeln/Sample_Dataset/Reichel/images_with_faces/914028_474188_image.jpeg,Neutral,0,1
/home/simon/Documents/Zwischen Wörtern und Pixeln/Sample_Dataset/Reichel/images_with_faces/1345323_702781_image.jpeg,Optimistic,0,1
/home/simon/Documents/Zwischen Wörtern und Pixeln/Sample_Dataset/Reichel/images_with_faces/973533_513373_image.jpeg,Hostile,0,1
/home/simon/Documents/Zwischen Wörtern und Pixeln/Sample_Dataset/Reichel/images_with_faces/1602727_864320_image.jpeg,Neutral,0,1
/home/simon/Documents/Zwischen Wörtern und Pixeln/Sample_Dataset/Reichel/images_with_faces/256420_134116_image.jpeg,Hostile,0,1
/home/simon/Documents/Zwischen Wörtern und Pixeln/Sample_Dataset/Reichel/images_with_faces/403310_209113_image.jpeg,Optimistic,0,1
/home/simon/Documents/Zwischen Wörtern und Pixeln/Sample_Dataset/Reichel/images_with_faces/1532479_818636_image.jpeg,Neutral,0,1
/home/simon/Documents/Zwischen Wörtern und Pixeln/Sample_Dataset/Reichel/images_with_faces/875481_449072_image.jpeg,Neutral,0,3
/home/simon/Documents/Zwischen Wörtern und Pixeln/Sample_Dataset/Reichel/images_with_faces/389829_199214_image.jpeg,Optimistic,0,1
/home/simon/Documents/Zwischen Wörtern und Pixeln/Sample_Dataset/Reichel/images_with_faces/978079_515457_image.jpeg,Neutral,0,4
/home/simon/Documents/Zwischen Wörtern und Pixeln/Sample_Dataset/Reichel/images_with_faces/536503_285276_image.jpeg,Neutral,0,1
/home/simon/Documents/Zwischen Wörtern und Pixeln/Sample_Dataset/Reichel/images_with_faces/331897_176496_image.jpeg,Optimistic,0,1
/home/simon/Documents/Zwischen Wörtern und Pixeln/Sample_Dataset/Reichel/images_with_faces/409412_212725_image.jpeg,Optimistic,0,1
/home/simon/Documents/Zwischen Wörtern und Pixeln/Sample_Dataset/Reichel/images_with_faces/1027266_542286_image.jpeg,Pessimistic,0,1
/home/simon/Documents/Zwischen Wörtern und Pixeln/Sample_Dataset/Reichel/images_with_faces/924818_478819_image.jpeg,Optimistic,0,1
/home/simon/Documents/Zwischen Wörtern und Pixeln/Sample_Dataset/Reichel/images_with_faces/909140_470506_image.jpeg,Neutral,0,1
/home/simon/Documents/Zwischen Wörtern und Pixeln/Sample_Dataset/Reichel/images_with_faces/184919_94367_image.jpeg,Hostile,0,1
/home/simon/Documents/Zwischen Wörtern und Pixeln/Sample_Dataset/Reichel/images_with_faces/293368_148510_image.jpeg,Optimistic,0,1
/home/simon/Documents/Zwischen Wörtern und Pixeln/Sample_Dataset/Reichel/images_with_faces/407706_211861_image.jpeg,Neutral,0,1
/home/simon/Documents/Zwischen Wörtern und Pixeln/Sample_Dataset/Reichel/images_with_faces/970521_511218_image.jpeg,Neutral,0,2
/home/simon/Documents/Zwischen Wörtern und Pixeln/Sample_Dataset/Reichel/images_with_faces/1164745_593422_image.jpeg,Neutral,0,1
/home/simon/Documents/Zwischen Wörtern und Pixeln/Sample_Dataset/Reichel/images_with_faces/696459_361754_image.jpeg,Optimistic,0,1
/home/simon/Documents/Zwischen Wörtern und Pixeln/Sample_Dataset/Reichel/images_with_faces/534968_283908_image.jpeg,Optimistic,0,1
/home/simon/Documents/Zwischen Wörtern und Pixeln/Sample_Dataset/Reichel/images_with_faces/1233895_632383_image.jpeg,Optimistic,0,1
/home/simon/Documents/Zwischen Wörtern und Pixeln/Sample_Dataset/Reichel/images_with_faces/1153451_586141_image.jpeg,Neutral,0,1
/home/simon/Documents/Zwischen Wörtern und Pixeln/Sample_Dataset/Reichel/images_with_faces/927111_480335_image.jpeg,Neutral,0,1
/home/simon/Documents/Zwischen Wörtern und Pixeln/Sample_Dataset/Reichel/images_with_faces/1474536_780236_image.jpeg,Neutral,0,1
/home/simon/Documents/Zwischen Wörtern und Pixeln/Sample_Dataset/Reichel/images_with_faces/1031681_545590_image.jpeg,Pessimistic,0,1
/home/simon/Documents/Zwischen Wörtern und Pixeln/Sample_Dataset/Reichel/images_with_faces/701220_364819_image.jpeg,Optimistic,0,3
/home/simon/Documents/Zwischen Wörtern und Pixeln/Sample_Dataset/Reichel/images_with_faces/1254626_646631_image.jpeg,Optimistic,0,1
/home/simon/Documents/Zwischen Wörtern und Pixeln/Sample_Dataset/Reichel/images_with_faces/447675_234927_image.jpeg,Neutral,0,1
/home/simon/Documents/Zwischen Wörtern und Pixeln/Sample_Dataset/Reichel/images_with_faces/964657_506204_image.jpeg,Neutral,0,1
/home/simon/Documents/Zwischen Wörtern und Pixeln/Sample_Dataset/Reichel/images_with_faces/246592_126629_image.jpeg,Neutral,0,1
/home/simon/Documents/Zwischen Wörtern und Pixeln/Sample_Dataset/Reichel/images_with_faces/535812_284718_image.jpeg,Optimistic,0,2
/home/simon/Documents/Zwischen Wörtern und Pixeln/Sample_Dataset/Reichel/images_with_faces/425652_224202_image.jpeg,Pessimistic,0,1
/home/simon/Documents/Zwischen Wörtern und Pixeln/Sample_Dataset/Reichel/images_with_faces/1039033_547377_image.jpeg,Pessimistic,0,1
/home/simon/Documents/Zwischen Wörtern und Pixeln/Sample_Dataset/Reichel/images_with_faces/497059_266008_image.jpeg,Neutral,0,1
/home/simon/Documents/Zwischen Wörtern und Pixeln/Sample_Dataset/Reichel/images_with_faces/1587181_852091_image.jpeg,Hostile,0,1
/home/simon/Documents/Zwischen Wörtern und Pixeln/Sample_Dataset/Reichel/images_with_faces/973300_513253_image.jpeg,Neutral,0,1
/home/simon/Documents/Zwischen Wörtern und Pixeln/Sample_Dataset/Reichel/images_with_faces/1195575_610568_image.jpeg,Optimistic,0,1
/home/simon/Documents/Zwischen Wörtern und Pixeln/Sample_Dataset/Reichel/images_with_faces/1574962_847768_image.jpeg,Hostile,0,1
/home/simon/Documents/Zwischen Wörtern und Pixeln/Sample_Dataset/Reichel/images_with_faces/299382_152927_image.jpeg,Optimistic,0,1
/home/simon/Documents/Zwischen Wörtern und Pixeln/Sample_Dataset/Reichel/images_with_faces/860083_439512_image.jpeg,Neutral,0,2
/home/simon/Documents/Zwischen Wörtern und Pixeln/Sample_Dataset/Reichel/images_with_faces/1517268_809419_image.jpeg,Optimistic,0,1
/home/simon/Documents/Zwischen Wörtern und Pixeln/Sample_Dataset/Reichel/images_with_faces/1443865_762331_image.jpeg,Optimistic,0,1
/home/simon/Documents/Zwischen Wörtern und Pixeln/Sample_Dataset/Reichel/images_with_faces/657095_335700_image.jpeg,Neutral,0,1
/home/simon/Documents/Zwischen Wörtern und Pixeln/Sample_Dataset/Reichel/images_with_faces/1549329_831313_image.jpeg,Optimistic,0,1
/home/simon/Documents/Zwischen Wörtern und Pixeln/Sample_Dataset/Reichel/images_with_faces/512193_276569_image.jpeg,Neutral,0,1
/home/simon/Documents/Zwischen Wörtern und Pixeln/Sample_Dataset/Reichel/images_with_faces/426591_224856_image.jpeg,Optimistic,0,1
/home/simon/Documents/Zwischen Wörtern und Pixeln/Sample_Dataset/Reichel/images_with_faces/293105_148323_image.jpeg,Optimistic,0,1
/home/simon/Documents/Zwischen Wörtern und Pixeln/Sample_Dataset/Reichel/images_with_faces/397482_204399_image.jpeg,Optimistic,0,0.5
/home/simon/Documents/Zwischen Wörtern und Pixeln/Sample_Dataset/Reichel/images_with_faces/502374_270100_image.jpeg,Neutral,0,1
/home/simon/Documents/Zwischen Wörtern und Pixeln/Sample_Dataset/Reichel/images_with_faces/873265_447634_image.jpeg,Optimistic,0,1
/home/simon/Documents/Zwischen Wörtern und Pixeln/Sample_Dataset/Reichel/images_with_faces/481719_255624_image.jpeg,Pessimistic,0,1
/home/simon/Documents/Zwischen Wörtern und Pixeln/Sample_Dataset/Reichel/images_with_faces/1443611_762170_image.jpeg,Neutral,0,1
/home/simon/Documents/Zwischen Wörtern und Pixeln/Sample_Dataset/Reichel/images_with_faces/299342_152884_image.jpeg,Neutral,0,1
/home/simon/Documents/Zwischen Wörtern und Pixeln/Sample_Dataset/Reichel/images_with_faces/1156792_588089_image.jpeg,Neutral,0,1
/home/simon/Documents/Zwischen Wörtern und Pixeln/Sample_Dataset/Reichel/images_with_faces/881958_452712_image.jpeg,Optimistic,0,1
/home/simon/Documents/Zwischen Wörtern und Pixeln/Sample_Dataset/Reichel/images_with_faces/298745_152693_image.jpeg,Pessimistic,0,1
/home/simon/Documents/Zwischen Wörtern und Pixeln/Sample_Dataset/Reichel/images_with_faces/1148645_582589_image.jpeg,Neutral,0,1
/home/simon/Documents/Zwischen Wörtern und Pixeln/Sample_Dataset/Reichel/images_with_faces/488756_261168_image.jpeg,Optimistic,0,1
/home/simon/Documents/Zwischen Wörtern und Pixeln/Sample_Dataset/Reichel/images_with_faces/854021_435280_image.jpeg,Pessimistic,0,1
/home/simon/Documents/Zwischen Wörtern und Pixeln/Sample_Dataset/Reichel/images_with_faces/439115_228896_image.jpeg,Neutral,0,1
/home/simon/Documents/Zwischen Wörtern und Pixeln/Sample_Dataset/Reichel/images_with_faces/751388_390704_image.jpeg,Optimistic,0,1
/home/simon/Documents/Zwischen Wörtern und Pixeln/Sample_Dataset/Reichel/images_with_faces/1300094_675757_image.jpeg,Neutral,0,1
/home/simon/Documents/Zwischen Wörtern und Pixeln/Sample_Dataset/Reichel/images_with_faces/474242_250756_image.jpeg,Neutral,0,1
/home/simon/Documents/Zwischen Wörtern und Pixeln/Sample_Dataset/Reichel/images_with_faces/510178_275313_image.jpeg,Neutral,0,1
/home/simon/Documents/Zwischen Wörtern und Pixeln/Sample_Dataset/Reichel/images_with_faces/1513605_806630_image.jpeg,Optimistic,0,4
/home/simon/Documents/Zwischen Wörtern und Pixeln/Sample_Dataset/Reichel/images_with_faces/665566_340989_image.jpeg,Optimistic,0,1
/home/simon/Documents/Zwischen Wörtern und Pixeln/Sample_Dataset/Reichel/images_with_faces/1158106_589001_image.jpeg,Neutral,0,1
/home/simon/Documents/Zwischen Wörtern und Pixeln/Sample_Dataset/Reichel/images_with_faces/1522257_812870_image.jpeg,Optimistic,0,1
/home/simon/Documents/Zwischen Wörtern und Pixeln/Sample_Dataset/Reichel/images_with_faces/976455_514375_image.jpeg,Neutral,0,1
/home/simon/Documents/Zwischen Wörtern und Pixeln/Sample_Dataset/Reichel/images_with_faces/488744_261155_image.jpeg,Optimistic,0,1
/home/simon/Documents/Zwischen Wörtern und Pixeln/Sample_Dataset/Reichel/images_with_faces/1202937_615455_image.jpeg,Optimistic,0,1
/home/simon/Documents/Zwischen Wörtern und Pixeln/Sample_Dataset/Reichel/images_with_faces/549721_294285_image.jpeg,Neutral,0,1
/home/simon/Documents/Zwischen Wörtern und Pixeln/Sample_Dataset/Reichel/images_with_faces/1240025_636417_image.jpeg,Neutral,0,1
/home/simon/Documents/Zwischen Wörtern und Pixeln/Sample_Dataset/Reichel/images_with_faces/861026_440089_image.jpeg,Neutral,0,0.25
/home/simon/Documents/Zwischen Wörtern und Pixeln/Sample_Dataset/Reichel/images_with_faces/1039427_547574_image.jpeg,Optimistic,0,1
/home/simon/Documents/Zwischen Wörtern und Pixeln/Sample_Dataset/Reichel/images_with_faces/1299960_675667_image.jpeg,Optimistic,0,3
/home/simon/Documents/Zwischen Wörtern und Pixeln/Sample_Dataset/Reichel/images_with_faces/510956_275959_image.jpeg,Neutral,0,1
/home/simon/Documents/Zwischen Wörtern und Pixeln/Sample_Dataset/Reichel/images_with_faces/1320186_690617_image.jpeg,Neutral,0,1
/home/simon/Documents/Zwischen Wörtern und Pixeln/Sample_Dataset/Reichel/images_with_faces/1534930_820414_image.jpeg,Optimistic,0,1
/home/simon/Documents/Zwischen Wörtern und Pixeln/Sample_Dataset/Reichel/images_with_faces/933197_485158_image.jpeg,Neutral,0,1
/home/simon/Documents/Zwischen Wörtern und Pixeln/Sample_Dataset/Reichel/images_with_faces/1148620_582569_image.jpeg,Optimistic,0,1
/home/simon/Documents/Zwischen Wörtern und Pixeln/Sample_Dataset/Reichel/images_with_faces/1408592_738242_image.jpeg,Optimistic,0,1
/home/simon/Documents/Zwischen Wörtern und Pixeln/Sample_Dataset/Reichel/images_with_faces/926021_479686_image.jpeg,Neutral,0,1
/home/simon/Documents/Zwischen Wörtern und Pixeln/Sample_Dataset/Reichel/images_with_faces/564772_304197_image.jpeg,Neutral,0,1
/home/simon/Documents/Zwischen Wörtern und Pixeln/Sample_Dataset/Reichel/images_with_faces/1487576_789730_image.jpeg,Neutral,0,1
/home/simon/Documents/Zwischen Wörtern und Pixeln/Sample_Dataset/Reichel/images_with_faces/1551789_833109_image.jpeg,Optimistic,0,1
/home/simon/Documents/Zwischen Wörtern und Pixeln/Sample_Dataset/Reichel/images_with_faces/745012_385960_image.jpeg,Hostile,0,1
/home/simon/Documents/Zwischen Wörtern und Pixeln/Sample_Dataset/Reichel/images_with_faces/1496443_794968_image.jpeg,Optimistic,0,1
/home/simon/Documents/Zwischen Wörtern und Pixeln/Sample_Dataset/Reichel/images_with_faces/481141_255233_image.jpeg,Hostile,0,1
/home/simon/Documents/Zwischen Wörtern und Pixeln/Sample_Dataset/Reichel/images_with_faces/314032_163903_image.jpeg,Hostile,0,1
/home/simon/Documents/Zwischen Wörtern und Pixeln/Sample_Dataset/Reichel/images_with_faces/293121_148332_image.jpeg,Neutral,0,1
/home/simon/Documents/Zwischen Wörtern und Pixeln/Sample_Dataset/Reichel/images_with_faces/715892_374758_image.jpeg,Neutral,0,2
/home/simon/Documents/Zwischen Wörtern und Pixeln/Sample_Dataset/Reichel/images_with_faces/1434570_755613_image.jpeg,Optimistic,0,1
/home/simon/Documents/Zwischen Wörtern und Pixeln/Sample_Dataset/Reichel/images_with_faces/1508361_803229_image.jpeg,Optimistic,0,1
/home/simon/Documents/Zwischen Wörtern und Pixeln/Sample_Dataset/Reichel/images_with_faces/496979_266000_image.jpeg,Optimistic,0,1
/home/simon/Documents/Zwischen Wörtern und Pixeln/Sample_Dataset/Reichel/images_with_faces/1606470_866956_image.jpeg,Optimistic,0,1
/home/simon/Documents/Zwischen Wörtern und Pixeln/Sample_Dataset/Reichel/images_with_faces/426166_224636_image.jpeg,Hostile,0,1
/home/simon/Documents/Zwischen Wörtern und Pixeln/Sample_Dataset/Reichel/images_with_faces/1144072_579005_image.jpeg,Neutral,0,1
/home/simon/Documents/Zwischen Wörtern und Pixeln/Sample_Dataset/Reichel/images_with_faces/574612_312031_image.jpeg,Neutral,0,1
/home/simon/Documents/Zwischen Wörtern und Pixeln/Sample_Dataset/Reichel/images_with_faces/1166308_594268_image.jpeg,Optimistic,0,1
/home/simon/Documents/Zwischen Wörtern und Pixeln/Sample_Dataset/Reichel/images_with_faces/439311_229103_image.jpeg,Neutral,0,1
/home/simon/Documents/Zwischen Wörtern und Pixeln/Sample_Dataset/Reichel/images_with_faces/1158201_589090_image.jpeg,Pessimistic,0,1
/home/simon/Documents/Zwischen Wörtern und Pixeln/Sample_Dataset/Reichel/images_with_faces/194941_102713_image.jpeg,Neutral,0,1
/home/simon/Documents/Zwischen Wörtern und Pixeln/Sample_Dataset/Reichel/images_with_faces/510405_275530_image.jpeg,Neutral,0,1
/home/simon/Documents/Zwischen Wörtern und Pixeln/Sample_Dataset/Reichel/images_with_faces/1153921_586397_image.jpeg,Optimistic,0,1
/home/simon/Documents/Zwischen Wörtern und Pixeln/Sample_Dataset/Reichel/images_with_faces/1417173_743705_image.jpeg,Pessimistic,0,1
/home/simon/Documents/Zwischen Wörtern und Pixeln/Sample_Dataset/Reichel/images_with_faces/1310292_683344_image.jpeg,Neutral,0,1
/home/simon/Documents/Zwischen Wörtern und Pixeln/Sample_Dataset/Reichel/images_with_faces/194735_102510_image.jpeg,Optimistic,0,1
/home/simon/Documents/Zwischen Wörtern und Pixeln/Sample_Dataset/Reichel/images_with_faces/1367820_718622_image.jpeg,Neutral,0,1
/home/simon/Documents/Zwischen Wörtern und Pixeln/Sample_Dataset/Reichel/images_with_faces/1549734_831631_image.jpeg,Neutral,0,1
/home/simon/Documents/Zwischen Wörtern und Pixeln/Sample_Dataset/Reichel/images_with_faces/588088_321293_image.jpeg,Neutral,0,0.5
/home/simon/Documents/Zwischen Wörtern und Pixeln/Sample_Dataset/Reichel/images_with_faces/1449715_766366_image.jpeg,Neutral,0,0.5
/home/simon/Documents/Zwischen Wörtern und Pixeln/Sample_Dataset/Reichel/images_with_faces/1499085_796358_image.jpeg,Hostile,0,1
/home/simon/Documents/Zwischen Wörtern und Pixeln/Sample_Dataset/Reichel/images_with_faces/296502_151035_image.jpeg,Hostile,0,1
/home/simon/Documents/Zwischen Wörtern und Pixeln/Sample_Dataset/Reichel/images_with_faces/970537_511233_image.jpeg,Neutral,0,1
/home/simon/Documents/Zwischen Wörtern und Pixeln/Sample_Dataset/Reichel/images_with_faces/1605051_865905_image.jpeg,Neutral,0,1
/home/simon/Documents/Zwischen Wörtern und Pixeln/Sample_Dataset/Reichel/images_with_faces/1176890_597643_image.jpeg,Neutral,0,1
/home/simon/Documents/Zwischen Wörtern und Pixeln/Sample_Dataset/Reichel/images_with_faces/514445_277917_image.jpeg,Optimistic,0,1
/home/simon/Documents/Zwischen Wörtern und Pixeln/Sample_Dataset/Reichel/images_with_faces/1122795_565474_image.jpeg,Optimistic,0,1
/home/simon/Documents/Zwischen Wörtern und Pixeln/Sample_Dataset/Reichel/images_with_faces/1153336_586070_image.jpeg,Optimistic,0,2
/home/simon/Documents/Zwischen Wörtern und Pixeln/Sample_Dataset/Reichel/images_with_faces/741046_383096_image.jpeg,Optimistic,0,1
/home/simon/Documents/Zwischen Wörtern und Pixeln/Sample_Dataset/Reichel/images_with_faces/1602808_864372_image.jpeg,Optimistic,0,1
/home/simon/Documents/Zwischen Wörtern und Pixeln/Sample_Dataset/Reichel/images_with_faces/447691_234930_image.jpeg,Neutral,0,1
/home/simon/Documents/Zwischen Wörtern und Pixeln/Sample_Dataset/Reichel/images_with_faces/358354_181190_image.jpeg,Pessimistic,0,1
/home/simon/Documents/Zwischen Wörtern und Pixeln/Sample_Dataset/Reichel/images_with_faces/510943_275948_image.jpeg,Neutral,0,1
/home/simon/Documents/Zwischen Wörtern und Pixeln/Sample_Dataset/Reichel/images_with_faces/1045188_551716_image.jpeg,Neutral,0,1
/home/simon/Documents/Zwischen Wörtern und Pixeln/Sample_Dataset/Reichel/images_with_faces/1149116_582855_image.jpeg,Optimistic,0,1
/home/simon/Documents/Zwischen Wörtern und Pixeln/Sample_Dataset/Reichel/images_with_faces/1265488_654539_image.jpeg,Optimistic,0,1
/home/simon/Documents/Zwischen Wörtern und Pixeln/Sample_Dataset/Reichel/images_with_faces/1535058_820515_image.jpeg,Optimistic,0,1
/home/simon/Documents/Zwischen Wörtern und Pixeln/Sample_Dataset/Reichel/images_with_faces/914199_474331_image.jpeg,Hostile,0,1
/home/simon/Documents/Zwischen Wörtern und Pixeln/Sample_Dataset/Reichel/images_with_faces/370340_183851_image.jpeg,Neutral,0,1
/home/simon/Documents/Zwischen Wörtern und Pixeln/Sample_Dataset/Reichel/images_with_faces/751409_390728_image.jpeg,Optimistic,0,1
/home/simon/Documents/Zwischen Wörtern und Pixeln/Sample_Dataset/Reichel/images_with_faces/715382_374469_image.jpeg,Optimistic,0,1
/home/simon/Documents/Zwischen Wörtern und Pixeln/Sample_Dataset/Reichel/images_with_faces/745053_385989_image.jpeg,Hostile,0,3
/home/simon/Documents/Zwischen Wörtern und Pixeln/Sample_Dataset/Reichel/images_with_faces/1014659_533957_image.jpeg,Optimistic,0,1
/home/simon/Documents/Zwischen Wörtern und Pixeln/Sample_Dataset/Reichel/images_with_faces/1018454_536561_image.jpeg,Neutral,0,1
/home/simon/Documents/Zwischen Wörtern und Pixeln/Sample_Dataset/Reichel/images_with_faces/1107637_561066_image.jpeg,Neutral,0,1
/home/simon/Documents/Zwischen Wörtern und Pixeln/Sample_Dataset/Reichel/images_with_faces/1270352_657974_image.jpeg,Neutral,0,1
/home/simon/Documents/Zwischen Wörtern und Pixeln/Sample_Dataset/Reichel/images_with_faces/1196569_611043_image.jpeg,Neutral,0,1
/home/simon/Documents/Zwischen Wörtern und Pixeln/Sample_Dataset/Reichel/images_with_faces/1148466_582438_image.jpeg,Pessimistic,0,1
/home/simon/Documents/Zwischen Wörtern und Pixeln/Sample_Dataset/Reichel/images_with_faces/1313095_685525_image.jpeg,Neutral,0,3
/home/simon/Documents/Zwischen Wörtern und Pixeln/Sample_Dataset/Reichel/images_with_faces/549419_294078_image.jpeg,Optimistic,0,1
/home/simon/Documents/Zwischen Wörtern und Pixeln/Sample_Dataset/Reichel/images_with_faces/888189_455760_image.jpeg,Neutral,0,1
/home/simon/Documents/Zwischen Wörtern und Pixeln/Sample_Dataset/Reichel/images_with_faces/1587630_852432_image.jpeg,Neutral,0,1
/home/simon/Documents/Zwischen Wörtern und Pixeln/Sample_Dataset/Reichel/images_with_faces/1615314_873756_image.jpeg,Optimistic,0,1
/home/simon/Documents/Zwischen Wörtern und Pixeln/Sample_Dataset/Reichel/images_with_faces/1177008_597753_image.jpeg,Pessimistic,0,1
/home/simon/Documents/Zwischen Wörtern und Pixeln/Sample_Dataset/Reichel/images_with_faces/1218201_625920_image.jpeg,Optimistic,0,1
/home/simon/Documents/Zwischen Wörtern und Pixeln/Sample_Dataset/Reichel/images_with_faces/588456_321606_image.jpeg,Neutral,0,1
/home/simon/Documents/Zwischen Wörtern und Pixeln/Sample_Dataset/Reichel/images_with_faces/327416_173695_image.jpeg,Hostile,0,1
/home/simon/Documents/Zwischen Wörtern und Pixeln/Sample_Dataset/Reichel/images_with_faces/1025313_541025_image.jpeg,Neutral,0,1
/home/simon/Documents/Zwischen Wörtern und Pixeln/Sample_Dataset/Reichel/images_with_faces/488725_261133_image.jpeg,Optimistic,0,1
/home/simon/Documents/Zwischen Wörtern und Pixeln/Sample_Dataset/Reichel/images_with_faces/1177206_597881_image.jpeg,Hostile,0,1
/home/simon/Documents/Zwischen Wörtern und Pixeln/Sample_Dataset/Reichel/images_with_faces/1209848_620349_image.jpeg,Optimistic,0,1
/home/simon/Documents/Zwischen Wörtern und Pixeln/Sample_Dataset/Reichel/images_with_faces/779111_411959_image.jpeg,Neutral,0,1
/home/simon/Documents/Zwischen Wörtern und Pixeln/Sample_Dataset/Reichel/images_with_faces/971053_511482_image.jpeg,Optimistic,0,1
/home/simon/Documents/Zwischen Wörtern und Pixeln/Sample_Dataset/Reichel/images_with_faces/971023_511459_image.jpeg,Neutral,0,1
/home/simon/Documents/Zwischen Wörtern und Pixeln/Sample_Dataset/Reichel/images_with_faces/426114_224601_image.jpeg,Neutral,0,1
/home/simon/Documents/Zwischen Wörtern und Pixeln/Sample_Dataset/Reichel/images_with_faces/1567099_842477_image.jpeg,Optimistic,0,1
/home/simon/Documents/Zwischen Wörtern und Pixeln/Sample_Dataset/Reichel/images_with_faces/315878_165153_image.jpeg,Neutral,0,1
/home/simon/Documents/Zwischen Wörtern und Pixeln/Sample_Dataset/Reichel/images_with_faces/467087_246709_image.jpeg,Optimistic,0,1
/home/simon/Documents/Zwischen Wörtern und Pixeln/Sample_Dataset/Reichel/images_with_faces/407852_211932_image.jpeg,Pessimistic,0,1
/home/simon/Documents/Zwischen Wörtern und Pixeln/Sample_Dataset/Reichel/images_with_faces/891013_457466_image.jpeg,Optimistic,0,1
/home/simon/Documents/Zwischen Wörtern und Pixeln/Sample_Dataset/Reichel/images_with_faces/1374702_723983_image.jpeg,Pessimistic,0,1
/home/simon/Documents/Zwischen Wörtern und Pixeln/Sample_Dataset/Reichel/images_with_faces/1129527_570568_image.jpeg,Optimistic,0,1
/home/simon/Documents/Zwischen Wörtern und Pixeln/Sample_Dataset/Reichel/images_with_faces/1246355_640811_image.jpeg,Optimistic,0,1
/home/simon/Documents/Zwischen Wörtern und Pixeln/Sample_Dataset/Reichel/images_with_faces/1444345_762560_image.jpeg,Neutral,0,1
/home/simon/Documents/Zwischen Wörtern und Pixeln/Sample_Dataset/Reichel/images_with_faces/1450609_766837_image.jpeg,Hostile,0,1
/home/simon/Documents/Zwischen Wörtern und Pixeln/Sample_Dataset/Reichel/images_with_faces/1040474_548429_image.jpeg,Optimistic,0,1
/home/simon/Documents/Zwischen Wörtern und Pixeln/Sample_Dataset/Reichel/images_with_faces/184959_94405_image.jpeg,Pessimistic,1,3
/home/simon/Documents/Zwischen Wörtern und Pixeln/Sample_Dataset/Reichel/images_with_faces/190759_99709_image.jpeg,Pessimistic,1,1
/home/simon/Documents/Zwischen Wörtern und Pixeln/Sample_Dataset/Reichel/images_with_faces/190889_99803_image.jpeg,Hostile,1,0.5
/home/simon/Documents/Zwischen Wörtern und Pixeln/Sample_Dataset/Reichel/images_with_faces/194916_102690_image.jpeg,Hostile,1,1
/home/simon/Documents/Zwischen Wörtern und Pixeln/Sample_Dataset/Reichel/images_with_faces/194926_102699_image.jpeg,Pessimistic,1,0.5
/home/simon/Documents/Zwischen Wörtern und Pixeln/Sample_Dataset/Reichel/images_with_faces/200675_107602_image.jpeg,Hostile,1,1
/home/simon/Documents/Zwischen Wörtern und Pixeln/Sample_Dataset/Reichel/images_with_faces/229448_111382_image.jpeg,Hostile,1,1
/home/simon/Documents/Zwischen Wörtern und Pixeln/Sample_Dataset/Reichel/images_with_faces/229590_111484_image.jpeg,Hostile,1,1
/home/simon/Documents/Zwischen Wörtern und Pixeln/Sample_Dataset/Reichel/images_with_faces/234094_115317_image.jpeg,Hostile,1,3
/home/simon/Documents/Zwischen Wörtern und Pixeln/Sample_Dataset/Reichel/images_with_faces/239881_120574_image.jpeg,Hostile,1,1
/home/simon/Documents/Zwischen Wörtern und Pixeln/Sample_Dataset/Reichel/images_with_faces/243603_123717_image.jpeg,Pessimistic,1,1
/home/simon/Documents/Zwischen Wörtern und Pixeln/Sample_Dataset/Reichel/images_with_faces/251994_130560_image.jpeg,Pessimistic,1,1
/home/simon/Documents/Zwischen Wörtern und Pixeln/Sample_Dataset/Reichel/images_with_faces/293106_148324_image.jpeg,Hostile,1,1
/home/simon/Documents/Zwischen Wörtern und Pixeln/Sample_Dataset/Reichel/images_with_faces/293241_148404_image.jpeg,Pessimistic,1,1
/home/simon/Documents/Zwischen Wörtern und Pixeln/Sample_Dataset/Reichel/images_with_faces/305029_157620_image.jpeg,Hostile,1,1
/home/simon/Documents/Zwischen Wörtern und Pixeln/Sample_Dataset/Reichel/images_with_faces/305243_157755_image.jpeg,Pessimistic,1,1
/home/simon/Documents/Zwischen Wörtern und Pixeln/Sample_Dataset/Reichel/images_with_faces/305282_157783_image.jpeg,Pessimistic,1,1
/home/simon/Documents/Zwischen Wörtern und Pixeln/Sample_Dataset/Reichel/images_with_faces/305520_157925_image.jpeg,Pessimistic,1,1
/home/simon/Documents/Zwischen Wörtern und Pixeln/Sample_Dataset/Reichel/images_with_faces/318484_167085_image.jpeg,Pessimistic,1,1
/home/simon/Documents/Zwischen Wörtern und Pixeln/Sample_Dataset/Reichel/images_with_faces/330930_175929_image.jpeg,Pessimistic,1,1
/home/simon/Documents/Zwischen Wörtern und Pixeln/Sample_Dataset/Reichel/images_with_faces/331452_176216_image.jpeg,Hostile,1,1
/home/simon/Documents/Zwischen Wörtern und Pixeln/Sample_Dataset/Reichel/images_with_faces/335720_179196_image.jpeg,Pessimistic,1,1
/home/simon/Documents/Zwischen Wörtern und Pixeln/Sample_Dataset/Reichel/images_with_faces/369889_183457_image.jpeg,Pessimistic,1,1
/home/simon/Documents/Zwischen Wörtern und Pixeln/Sample_Dataset/Reichel/images_with_faces/378635_190822_image.jpeg,Pessimistic,1,1
/home/simon/Documents/Zwischen Wörtern und Pixeln/Sample_Dataset/Reichel/images_with_faces/397555_204450_image.jpeg,Pessimistic,1,1
/home/simon/Documents/Zwischen Wörtern und Pixeln/Sample_Dataset/Reichel/images_with_faces/409228_212625_image.jpeg,Neutral,1,1
/home/simon/Documents/Zwischen Wörtern und Pixeln/Sample_Dataset/Reichel/images_with_faces/417006_218060_image.jpeg,Pessimistic,1,1
/home/simon/Documents/Zwischen Wörtern und Pixeln/Sample_Dataset/Reichel/images_with_faces/439243_229022_image.jpeg,Hostile,1,1
/home/simon/Documents/Zwischen Wörtern und Pixeln/Sample_Dataset/Reichel/images_with_faces/447140_234613_image.jpeg,Pessimistic,1,1
/home/simon/Documents/Zwischen Wörtern und Pixeln/Sample_Dataset/Reichel/images_with_faces/455086_240110_image.jpeg,Hostile,1,2
/home/simon/Documents/Zwischen Wörtern und Pixeln/Sample_Dataset/Reichel/images_with_faces/483917_256996_image.jpeg,Pessimistic,1,1
/home/simon/Documents/Zwischen Wörtern und Pixeln/Sample_Dataset/Reichel/images_with_faces/483933_257008_image.jpeg,Pessimistic,1,3
/home/simon/Documents/Zwischen Wörtern und Pixeln/Sample_Dataset/Reichel/images_with_faces/488675_261092_image.jpeg,Hostile,1,1
/home/simon/Documents/Zwischen Wörtern und Pixeln/Sample_Dataset/Reichel/images_with_faces/511410_276125_image.jpeg,Hostile,1,1
/home/simon/Documents/Zwischen Wörtern und Pixeln/Sample_Dataset/Reichel/images_with_faces/548537_293460_image.jpeg,Pessimistic,1,1
/home/simon/Documents/Zwischen Wörtern und Pixeln/Sample_Dataset/Reichel/images_with_faces/561656_301648_image.jpeg,Pessimistic,1,1
/home/simon/Documents/Zwischen Wörtern und Pixeln/Sample_Dataset/Reichel/images_with_faces/564777_304202_image.jpeg,Pessimistic,1,1
/home/simon/Documents/Zwischen Wörtern und Pixeln/Sample_Dataset/Reichel/images_with_faces/569024_307428_image.jpeg,Hostile,1,1
/home/simon/Documents/Zwischen Wörtern und Pixeln/Sample_Dataset/Reichel/images_with_faces/584385_319080_image.jpeg,Pessimistic,1,1
/home/simon/Documents/Zwischen Wörtern und Pixeln/Sample_Dataset/Reichel/images_with_faces/588109_321317_image.jpeg,Pessimistic,1,1
/home/simon/Documents/Zwischen Wörtern und Pixeln/Sample_Dataset/Reichel/images_with_faces/666968_341829_image.jpeg,Hostile,1,1
/home/simon/Documents/Zwischen Wörtern und Pixeln/Sample_Dataset/Reichel/images_with_faces/698497_363097_image.jpeg,Pessimistic,1,1
/home/simon/Documents/Zwischen Wörtern und Pixeln/Sample_Dataset/Reichel/images_with_faces/1634421_883949_image.jpeg,Pessimistic,1,1
/home/simon/Documents/Zwischen Wörtern und Pixeln/Sample_Dataset/Reichel/images_with_faces/1602809_864373_image.jpeg,Hostile,1,1
/home/simon/Documents/Zwischen Wörtern und Pixeln/Sample_Dataset/Reichel/images_with_faces/1599631_862164_image.jpeg,Hostile,1,1
/home/simon/Documents/Zwischen Wörtern und Pixeln/Sample_Dataset/Reichel/images_with_faces/1595425_859010_image.jpeg,Hostile,1,1
/home/simon/Documents/Zwischen Wörtern und Pixeln/Sample_Dataset/Reichel/images_with_faces/1595340_858973_image.jpeg,Hostile,1,1
/home/simon/Documents/Zwischen Wörtern und Pixeln/Sample_Dataset/Reichel/images_with_faces/1566054_841866_image.jpeg,Hostile,1,1
/home/simon/Documents/Zwischen Wörtern und Pixeln/Sample_Dataset/Reichel/images_with_faces/1542172_826048_image.jpeg,Hostile,1,1
/home/simon/Documents/Zwischen Wörtern und Pixeln/Sample_Dataset/Reichel/images_with_faces/1541634_825664_image.jpeg,Hostile,1,1
/home/simon/Documents/Zwischen Wörtern und Pixeln/Sample_Dataset/Reichel/images_with_faces/1541627_825659_image.jpeg,Pessimistic,1,4
/home/simon/Documents/Zwischen Wörtern und Pixeln/Sample_Dataset/Reichel/images_with_faces/1522006_812669_image.jpeg,Hostile,1,1
/home/simon/Documents/Zwischen Wörtern und Pixeln/Sample_Dataset/Reichel/images_with_faces/1498946_796279_image.jpeg,Hostile,1,1
/home/simon/Documents/Zwischen Wörtern und Pixeln/Sample_Dataset/Reichel/images_with_faces/1486102_788880_image.jpeg,Hostile,1,1
/home/simon/Documents/Zwischen Wörtern und Pixeln/Sample_Dataset/Reichel/images_with_faces/1456075_770650_image.jpeg,Hostile,1,1
/home/simon/Documents/Zwischen Wörtern und Pixeln/Sample_Dataset/Reichel/images_with_faces/1450486_766763_image.jpeg,Pessimistic,1,1
/home/simon/Documents/Zwischen Wörtern und Pixeln/Sample_Dataset/Reichel/images_with_faces/1450210_766632_image.jpeg,Neutral,1,1
/home/simon/Documents/Zwischen Wörtern und Pixeln/Sample_Dataset/Reichel/images_with_faces/1446203_763899_image.jpeg,Hostile,1,1
/home/simon/Documents/Zwischen Wörtern und Pixeln/Sample_Dataset/Reichel/images_with_faces/1446108_763824_image.jpeg,Hostile,1,1
/home/simon/Documents/Zwischen Wörtern und Pixeln/Sample_Dataset/Reichel/images_with_faces/1437208_757419_image.jpeg,Pessimistic,1,1
